{
  "data": {
    "numberBoat": 10,
    "numberPol": 15
  },
  "boat": {
    "information": "info",

    "listBoat": [
      {
        "NomDuBateau": "Boat",
        "IdBateau": 12345,
        "BoatPath": "/boat/Boat_12345.json"
      },
      {
        "NomDuBateau": "Boat",
        "IdBateau": 54321,
        "BoatPath": "/boat/Boat_54321.json"
      }
    ]

  },

  "pol": {
    "information": "info",
    "listPol": [
      {
        "NomPol": "imoca",
        "IdPol": 12345,
        "PolPath": "/pol/imoca_12345.pol"
      },
      {
        "NomPol": "fivty",
        "IdPol": 54321,
        "PolPath": "/pol/fivty_54321"
      }
    ]
  },

  "race": {
    "information": "info",
    "listRace": [
      {
        "NomRace": "Race",
        "IdRace": 12345,
        "RacePath": "/race/race_12345.json"
      },
      {
        "NomRace": "Race",
        "IdRace": 54321,
        "RacePath": "/race/race_54321.json"
      }
    ]
  }

}